TypeName,ScreenResolution,Cpu,Ram,Memory,Gpu,Price
3,26,85,8.0,14,80,71378.6832
3,13,64,8.0,13,45,47895.5232
1,15,58,8.0,21,54,30636.0
3,36,111,16.0,31,95,135195.336
3,26,99,8.0,21,84,96095.808
1,4,32,4.0,9,12,21312.0
3,36,106,16.0,24,89,114017.6016
3,13,64,8.0,24,45,61735.536
3,15,72,16.0,31,42,79653.6
3,18,59,8.0,21,59,41025.6
1,4,58,4.0,9,54,20986.992
1,15,35,4.0,9,47,18381.0672
3,36,109,16.0,21,94,130001.6016
1,15,35,4.0,21,19,26581.392
3,17,76,8.0,21,75,67260.672
3,26,85,8.0,21,80,80908.344
1,15,80,8.0,21,19,39693.6
3,36,114,16.0,31,99,152274.24
1,15,44,8.0,12,40,26586.72
3,16,59,8.0,14,59,52161.12
4,18,67,8.0,22,57,53226.72
1,4,11,4.0,9,0,13746.24
2,20,59,8.0,21,59,43636.32
3,15,72,8.0,21,54,35111.52
1,4,35,4.0,12,47,22305.1392
3,13,63,8.0,13,45,58554.72
1,15,59,8.0,21,37,42624.0
3,15,86,8.0,23,59,69157.44
1,15,59,8.0,12,48,47738.88
1,15,3,4.0,6,6,13053.0672
1,4,0,2.0,4,0,10602.72
1,15,26,4.0,9,37,23389.92
3,28,72,16.0,31,59,99580.32
3,13,63,8.0,24,45,53173.44
1,4,14,4.0,6,3,13266.72
1,4,42,4.0,12,54,19553.76
1,18,59,8.0,22,37,52161.12
1,4,58,4.0,12,54,26037.4032
1,15,59,8.0,21,41,46833.12
1,15,35,4.0,12,54,20725.92
4,18,94,16.0,30,82,79866.72
1,4,58,8.0,12,40,27864.9072
1,18,59,4.0,21,59,36336.96
2,20,59,12.0,12,62,53226.72
3,26,84,8.0,21,78,75604.32
4,15,91,8.0,30,79,69210.72
1,15,58,4.0,21,19,34045.92
1,4,29,4.0,12,22,24828.48
1,18,72,8.0,21,42,44808.48
1,15,26,4.0,21,5,21231.5472
1,15,72,8.0,31,59,58767.84
1,4,44,4.0,12,54,20459.52
1,15,72,8.0,21,20,40908.384
1,15,35,4.0,14,47,23389.92
1,4,58,4.0,21,54,31232.2032
4,15,94,16.0,27,97,130482.72
1,15,35,4.0,21,47,22111.2
1,15,72,16.0,27,37,69210.72
3,15,59,8.0,21,59,46833.12
1,18,42,8.0,21,54,31914.72
1,15,59,8.0,21,59,50136.48
1,15,58,8.0,21,54,36763.2
3,15,94,16.0,31,71,105654.24
1,4,35,4.0,9,20,23373.4032
1,4,9,4.0,3,1,12201.12
1,15,58,4.0,12,54,29250.72
4,15,94,12.0,12,71,50562.72
3,23,58,4.0,14,54,58021.92
3,18,72,64.0,21,37,50882.4
1,15,72,8.0,21,37,46353.6
4,15,67,8.0,22,57,58341.6
1,4,35,8.0,12,47,20725.92
4,15,94,8.0,12,57,50562.72
1,15,58,8.0,10,54,27652.32
1,15,72,8.0,22,59,45554.4
1,15,42,4.0,12,27,28238.4
1,15,59,8.0,22,48,52054.56
3,18,59,8.0,21,59,58403.4048
3,17,88,8.0,31,75,80452.8
1,15,59,8.0,21,54,45820.8
1,15,26,4.0,14,7,21258.72
1,4,32,4.0,12,12,21045.6
4,18,94,16.0,22,71,71874.72
3,18,72,8.0,21,23,37242.72
1,15,58,8.0,21,54,31914.1872
4,18,94,16.0,22,82,77202.72
3,18,72,8.0,21,59,87858.72
4,15,54,8.0,12,30,37242.72
1,15,72,2.0,12,42,36709.92
1,15,72,16.0,31,59,63776.16
4,15,67,8.0,21,82,63669.6
3,15,80,8.0,21,54,55890.72
2,16,59,8.0,21,59,45128.16
1,15,80,8.0,12,19,31962.672
1,15,35,4.0,21,19,25840.8
1,15,44,6.0,21,29,30742.56
4,18,94,12.0,22,57,66546.72
1,15,80,8.0,21,37,38308.32
1,15,11,4.0,9,0,18594.72
1,15,59,8.0,12,20,34472.16
3,18,80,8.0,21,42,59620.32
3,23,58,8.0,21,54,71395.2
1,18,58,6.0,21,40,35111.52
1,15,35,4.0,12,47,22105.872
3,18,80,8.0,21,40,63563.04
4,15,94,16.0,30,71,69210.72
1,18,80,8.0,21,54,78854.4
3,15,72,16.0,30,42,67239.36
3,27,82,8.0,21,80,73473.12
2,16,58,8.0,21,54,74538.72
1,9,59,4.0,9,59,38468.16
3,18,59,8.0,21,59,86793.12
1,15,72,8.0,31,59,57755.52
1,18,72,8.0,30,40,60223.9824
1,15,35,4.0,12,22,30049.92
1,15,72,8.0,21,40,59567.04
1,16,44,6.0,12,54,25521.12
4,15,94,16.0,27,97,119427.12
1,15,58,8.0,21,40,33513.12
1,15,72,16.0,31,41,67718.88
1,4,32,4.0,21,12,24029.28
1,15,59,8.0,12,59,43263.36
1,4,6,4.0,2,0,14811.3072
1,15,72,16.0,27,37,74378.88
1,15,59,8.0,21,59,49443.84
1,4,58,8.0,12,36,34045.3872
1,15,35,4.0,12,19,23922.72
3,18,72,8.0,21,59,47099.52
1,15,42,4.0,21,27,30476.16
1,4,80,8.0,12,54,31861.44
1,15,72,8.0,21,59,52640.64
1,4,14,4.0,12,3,13445.7408
4,15,67,8.0,22,57,49976.64
1,15,58,4.0,12,22,26586.72
1,18,58,4.0,21,54,37242.72
1,18,42,4.0,12,27,34898.4
1,18,59,8.0,21,56,59461.5456
4,18,94,8.0,21,61,46300.32
1,4,65,4.0,9,47,32074.56
1,4,26,4.0,21,5,19660.32
3,15,72,8.0,21,59,58554.72
3,31,105,8.0,31,74,107305.92
1,15,14,4.0,12,3,18328.32
1,4,35,4.0,12,47,23816.16
4,15,94,16.0,31,57,66560.5728
4,15,94,8.0,15,57,47898.72
1,4,58,4.0,14,54,26533.44
4,15,94,16.0,30,82,100699.2
3,15,66,4.0,21,54,57648.96
1,15,59,6.0,21,20,32980.32
2,16,44,4.0,21,54,33513.12
2,20,59,8.0,21,54,70063.2
2,20,72,8.0,21,59,55890.72
1,4,30,4.0,9,47,23816.16
1,4,32,4.0,12,18,21471.84
1,18,59,4.0,21,42,42890.4
1,15,59,8.0,21,20,38787.84
4,18,94,16.0,21,71,57489.12
1,4,14,4.0,12,3,18541.44
4,18,94,16.0,30,82,95850.72
1,4,29,4.0,12,13,19367.8128
4,15,94,8.0,22,57,56502.9072
1,18,59,8.0,21,42,45501.12
1,18,59,4.0,9,59,40173.12
3,21,58,8.0,21,54,71874.72
1,18,58,6.0,10,20,37242.72
1,4,12,4.0,9,5,16463.52
1,4,44,4.0,9,54,26053.92
1,15,59,8.0,21,48,49177.44
1,4,44,8.0,12,54,24455.52
1,4,35,4.0,14,47,23922.72
4,15,113,32.0,34,98,149130.72
1,15,58,8.0,22,35,43316.64
2,31,59,8.0,21,59,79866.72
1,15,72,16.0,27,37,55890.72
3,15,59,8.0,21,59,74538.72
2,31,72,16.0,31,59,98514.72
1,4,58,8.0,14,54,42251.04
1,18,59,8.0,21,42,63882.72
1,20,72,16.0,31,62,82530.72
1,39,94,16.0,31,57,127712.16
4,18,67,8.0,21,57,41505.12
3,18,89,8.0,21,75,52693.92
1,15,72,8.0,22,37,57808.8
1,18,14,4.0,4,3,13852.8
3,18,58,8.0,21,42,53274.672
1,8,59,8.0,21,42,37189.44
2,16,72,8.0,12,59,44701.92
1,18,59,8.0,12,48,48697.92
4,39,115,32.0,36,109,324954.72
1,15,59,8.0,31,59,51095.52
4,18,94,16.0,30,57,73473.12
1,15,72,8.0,21,41,55677.6
4,38,94,16.0,34,82,98301.6
1,4,65,4.0,14,47,26267.04
1,15,80,8.0,12,40,39533.76
4,18,94,16.0,34,82,93186.72
5,34,110,16.0,30,93,162770.4
4,15,94,16.0,31,82,74485.44
1,5,44,6.0,12,54,23389.92
3,31,72,8.0,21,59,103842.72
3,15,72,8.0,21,59,77202.72
1,15,94,8.0,12,57,41505.12
4,15,94,16.0,30,57,74964.96
1,15,35,4.0,9,47,18594.72
1,15,58,8.0,21,54,29250.72
3,21,80,8.0,31,54,79866.72
3,18,72,8.0,21,37,49650.5664
1,8,58,8.0,12,23,31381.92
1,15,72,8.0,21,48,54931.68
3,15,59,8.0,21,59,61218.72
2,20,72,16.0,31,59,68145.12
1,15,59,8.0,21,20,36089.208
2,18,59,8.0,21,59,47898.72
3,15,77,8.0,21,47,72620.64
1,15,59,8.0,12,59,42304.32
4,18,94,16.0,30,82,130873.7952
1,15,80,8.0,21,40,44328.96
1,20,80,16.0,12,36,45768.0528
1,15,58,8.0,21,17,40972.32
1,15,58,8.0,25,43,47472.48
1,15,80,8.0,12,60,67612.32
1,4,44,4.0,12,54,21258.1872
1,4,18,4.0,9,0,17582.4
4,18,94,16.0,30,82,79866.72
1,15,58,8.0,21,54,45767.52
2,16,65,8.0,21,47,36709.92
1,15,80,16.0,21,36,47898.72
1,4,35,4.0,12,47,20779.2
1,15,41,4.0,22,19,30636.0
4,15,115,32.0,34,109,207259.2
4,18,67,8.0,21,57,45074.88
1,4,35,8.0,14,47,31381.92
1,15,72,8.0,22,62,61005.6
1,15,80,8.0,22,43,47365.92
4,15,67,8.0,21,57,46833.12
2,16,80,8.0,21,54,57489.12
1,15,72,8.0,16,37,52480.8
1,5,58,8.0,12,54,29783.52
4,15,115,16.0,21,109,159786.72
1,18,59,4.0,9,59,35964.0
3,26,99,8.0,31,84,108691.2
2,16,72,8.0,12,59,43636.32
4,15,94,16.0,30,90,95850.72
1,4,32,4.0,12,18,24988.32
2,16,72,8.0,31,59,98514.72
1,18,42,4.0,21,27,37402.56
3,15,59,8.0,21,59,50562.72
1,4,33,8.0,14,5,23757.552
1,18,72,16.0,12,42,56423.52
4,15,94,16.0,34,97,133146.72
2,16,94,8.0,31,61,90522.72
1,15,72,8.0,22,37,60845.76
1,15,35,4.0,21,47,23656.32
1,18,59,4.0,9,54,38468.16
1,15,58,4.0,12,54,35004.96
1,15,58,8.0,12,19,30103.2
2,20,59,8.0,21,59,42570.72
2,20,72,8.0,26,59,79866.72
1,15,72,8.0,12,41,54239.04
1,15,72,8.0,21,59,46886.4
3,26,101,8.0,31,85,104370.192
4,15,91,16.0,30,79,82530.72
1,15,72,8.0,21,20,39164.5296
2,33,100,16.0,31,47,133146.72
1,4,77,8.0,9,64,43263.36
1,4,80,12.0,12,54,37992.3696
1,15,72,8.0,22,37,58554.72
1,18,72,8.0,12,27,39693.6
1,8,35,4.0,12,47,26053.92
1,15,72,8.0,10,42,45234.72
1,8,80,6.0,22,40,45767.52
1,15,34,4.0,12,19,22803.84
4,18,67,8.0,21,57,44169.12
1,15,58,6.0,21,54,30849.12
1,18,72,8.0,21,42,50669.28
1,16,80,12.0,12,54,35111.52
1,18,80,8.0,21,68,58448.16
3,15,58,8.0,21,40,52054.56
4,18,94,16.0,30,71,62817.12
1,15,80,8.0,12,40,35112.0528
1,4,2,2.0,0,6,10602.72
4,15,94,8.0,12,57,63243.36
1,8,35,8.0,12,47,26053.92
1,15,94,8.0,21,57,97449.12
1,15,59,8.0,21,59,39373.92
4,18,94,8.0,12,82,69210.72
1,15,94,8.0,21,71,52161.12
5,15,104,16.0,21,93,153705.3408
1,15,38,6.0,12,14,26586.72
3,15,80,16.0,31,40,78215.04
1,4,44,4.0,14,54,27119.52
4,15,94,16.0,30,97,113060.16
1,8,58,6.0,12,26,34578.72
1,4,58,8.0,10,40,29250.72
4,15,94,8.0,22,71,67399.2
1,4,29,4.0,12,13,19180.2672
2,20,98,16.0,21,54,105228.0
1,18,77,8.0,21,64,55571.04
1,15,58,8.0,22,40,43636.32
1,15,35,4.0,12,47,24988.32
1,18,58,8.0,21,54,53226.72
3,31,72,16.0,36,59,133146.72
4,18,94,16.0,30,97,111834.72
1,15,31,8.0,21,12,24988.32
2,5,14,2.0,4,3,14652.0
1,15,59,8.0,22,37,44968.32
2,31,72,16.0,36,59,130482.72
1,4,23,4.0,5,10,24503.472
1,15,58,8.0,21,54,52214.4
1,4,25,4.0,13,8,25840.8
1,15,80,8.0,21,54,68837.76
1,8,58,4.0,12,22,31381.92
1,15,80,8.0,21,54,58288.32
1,10,72,8.0,12,59,48058.56
1,4,45,8.0,21,24,35111.52
1,4,14,4.0,4,3,15557.76
1,4,58,6.0,12,54,29250.72
3,15,80,8.0,21,40,55938.672
3,15,80,8.0,21,54,71128.8
1,39,94,32.0,36,57,140605.92
4,15,94,8.0,30,71,63882.72
1,18,58,8.0,21,54,50243.04
1,15,80,8.0,30,54,71075.52
1,15,35,4.0,12,47,23922.72
4,15,94,8.0,21,57,53226.72
1,15,75,8.0,21,54,67559.04
1,15,58,8.0,21,54,60952.32
1,4,14,4.0,12,3,14651.4672
1,15,59,8.0,21,40,60885.72
1,4,9,4.0,9,6,14646.672
1,15,53,12.0,10,37,47898.72
1,18,44,8.0,12,41,38148.48
2,31,72,16.0,31,59,111834.72
3,15,72,8.0,21,59,84129.12
4,18,94,16.0,27,71,60153.12
1,4,9,2.0,4,1,14865.12
3,15,86,16.0,28,59,85672.1088
2,5,14,4.0,4,3,19980.0
3,15,59,8.0,12,37,35324.64
1,15,80,8.0,21,54,69477.12
4,15,94,8.0,22,82,75071.52
5,15,94,8.0,21,93,92615.0256
1,18,77,16.0,31,64,74751.84
1,15,72,8.0,16,37,51729.552
1,4,14,4.0,12,3,17155.6272
4,15,67,8.0,12,57,53226.72
1,5,58,8.0,10,54,29696.6736
1,15,75,8.0,21,54,76030.56
1,4,35,4.0,9,47,23389.92
1,15,58,8.0,21,54,50349.6
1,8,58,6.0,22,23,38308.32
1,15,58,8.0,12,54,34045.92
1,4,35,8.0,21,17,26586.72
1,4,25,8.0,10,8,20725.92
1,15,59,8.0,22,37,57808.8
4,18,67,8.0,22,57,43103.52
1,15,80,8.0,21,36,47898.72
3,18,80,8.0,21,54,93240.0
2,20,80,12.0,29,72,58554.72
1,4,32,4.0,14,12,22697.28
4,18,91,16.0,30,79,117162.72
1,8,31,4.0,14,12,26053.92
2,20,72,8.0,21,59,46300.8528
1,15,32,4.0,21,12,26053.3872
0,9,27,4.0,14,3,29463.84
1,4,13,4.0,9,1,16463.52
1,4,14,4.0,4,3,15238.08
1,15,94,8.0,12,57,45074.88
4,18,94,8.0,22,57,63456.48
1,15,35,4.0,14,47,21498.48
4,18,94,8.0,22,82,88178.4
1,18,58,8.0,21,40,58554.72
3,20,80,16.0,31,54,93181.392
3,37,80,8.0,31,54,121584.96
1,18,44,4.0,14,54,29250.72
5,15,81,8.0,9,73,72940.32
5,18,108,8.0,21,93,113752.8
2,33,80,16.0,31,54,133679.52
4,15,94,8.0,12,57,55357.92
4,15,94,16.0,30,71,84768.48
1,9,59,12.0,12,27,36975.7872
4,15,94,8.0,21,71,71874.72
1,15,80,8.0,21,36,41498.1936
3,15,32,4.0,21,20,26586.72
1,18,72,8.0,21,56,65510.9568
1,18,58,8.0,21,54,49976.64
5,39,94,8.0,21,93,144495.36
3,37,80,16.0,36,54,139860.0
1,4,14,4.0,12,3,16303.68
4,15,94,16.0,30,57,81465.12
1,18,59,8.0,30,56,60978.96
1,15,94,8.0,21,57,46833.12
4,15,94,16.0,30,97,119826.72
3,15,80,8.0,31,54,99793.44
3,15,77,16.0,31,47,93080.16
3,15,98,8.0,31,6,89510.4
1,15,35,4.0,9,47,21791.52
1,4,14,2.0,4,3,16221.096
5,15,94,8.0,31,93,102564.0
3,30,94,8.0,31,72,103523.04
1,15,35,4.0,12,20,24988.32
2,16,77,8.0,21,47,42038.4528
2,16,58,8.0,21,54,49443.84
1,15,58,4.0,21,19,31909.392
1,4,35,4.0,14,47,36709.92
3,15,77,8.0,21,47,79920.0
1,4,58,8.0,12,54,28768.536
3,18,72,8.0,21,56,64755.4464
2,31,94,16.0,31,57,101178.72
1,2,27,6.0,6,3,23922.72
1,15,104,8.0,21,68,76030.56
1,15,44,8.0,12,40,31808.16
4,37,115,16.0,30,97,149130.72
4,18,94,8.0,22,71,61751.52
1,15,72,8.0,27,37,60867.072
3,15,98,8.0,21,54,58554.72
4,15,94,12.0,30,97,106506.72
2,16,14,4.0,3,3,15930.72
0,4,9,4.0,5,1,14332.32
1,18,80,8.0,21,54,53812.8
1,18,42,4.0,14,54,31914.72
5,38,98,16.0,31,40,130269.6
1,15,104,16.0,31,104,130482.72
4,15,92,8.0,30,79,90309.6
1,4,9,4.0,9,1,18488.16
3,25,95,16.0,31,75,117162.72
3,35,80,24.0,31,54,126912.96
1,15,58,4.0,21,54,29783.52
1,8,26,8.0,12,9,27652.32
1,15,59,4.0,21,37,39906.72
3,18,58,8.0,21,54,76137.12
1,15,29,4.0,14,13,18594.72
4,18,94,8.0,22,57,58554.72
1,15,79,8.0,21,48,62817.12
1,4,58,4.0,9,54,23539.104
5,15,110,8.0,32,86,106187.04
4,15,67,8.0,21,57,54757.9872
3,23,107,16.0,31,80,137941.92
1,4,58,8.0,14,54,31381.92
5,18,108,16.0,21,86,105228.0
5,18,104,8.0,31,54,81731.52
1,15,58,8.0,21,54,71661.6
1,15,72,8.0,22,37,52161.12
2,5,25,4.0,9,8,25521.12
1,18,103,8.0,12,82,109010.88
3,23,61,4.0,14,75,52693.92
3,23,107,8.0,21,80,95850.72
1,8,35,8.0,21,47,34093.872
1,15,35,4.0,12,40,28984.32
0,4,9,4.0,14,1,23176.8
1,15,58,8.0,12,54,39906.72
1,18,80,8.0,31,38,42570.72
1,15,104,8.0,21,104,111355.2
1,4,29,4.0,9,3,16197.12
1,4,35,4.0,9,23,24988.32
1,15,59,8.0,10,37,40439.52
4,18,94,12.0,12,82,90522.72
3,29,100,12.0,21,47,98994.24
2,31,72,8.0,31,59,106506.72
1,15,58,8.0,9,60,61485.12
3,25,83,8.0,14,75,67932.0
3,20,59,8.0,21,59,98133.768
1,38,90,12.0,22,66,69210.72
1,4,56,8.0,14,47,39427.2
5,15,94,8.0,21,93,128298.24
1,15,58,8.0,18,54,72673.92
1,18,58,8.0,21,54,89084.16
1,18,72,8.0,31,40,67239.36
1,4,44,4.0,12,54,31254.048
1,18,59,4.0,14,59,38681.28
1,15,4,4.0,6,6,13261.392
1,4,34,4.0,14,47,30103.2
1,18,59,8.0,21,59,55890.72
5,18,108,16.0,31,86,124568.64
1,15,94,16.0,31,57,101178.72
3,18,80,16.0,31,54,95797.44
3,15,80,16.0,31,54,103896.0
1,18,58,8.0,21,40,53918.8272
3,20,80,32.0,31,54,149130.72
4,15,94,8.0,22,57,71928.0
1,4,48,8.0,12,24,30849.12
4,16,90,24.0,30,67,67612.32
3,9,65,8.0,18,47,58554.72
1,15,72,8.0,21,59,47893.392
1,15,98,8.0,36,54,93186.72
1,18,44,8.0,21,54,50562.72
1,18,58,8.0,21,54,48538.08
0,4,14,4.0,6,3,18115.2
1,4,58,8.0,21,20,32979.7872
2,16,59,8.0,21,59,85194.72
1,4,14,4.0,9,3,15930.72
0,4,9,4.0,0,1,14119.2
1,15,58,8.0,21,54,50562.72
1,15,80,8.0,30,54,65214.72
1,18,59,4.0,12,42,32660.64
3,18,80,8.0,31,54,70489.44
4,18,94,8.0,30,82,61218.72
3,16,58,8.0,14,54,47898.72
1,15,80,4.0,9,40,34045.92
1,15,58,8.0,12,54,44542.08
1,15,72,16.0,27,37,64961.1072
1,18,72,16.0,21,42,74589.336
0,4,14,2.0,4,3,13053.6
1,5,59,4.0,12,59,27783.9216
4,15,94,24.0,31,101,158135.04
1,15,58,8.0,21,48,47365.92
4,15,94,16.0,30,77,80133.12
4,18,94,8.0,30,82,74538.72
3,18,80,8.0,21,54,74538.72
1,15,75,8.0,21,54,68184.0144
1,4,35,4.0,14,47,36709.92
1,18,59,8.0,22,37,47365.92
1,15,65,8.0,21,47,71395.2
1,15,80,4.0,12,22,42570.72
1,4,35,8.0,10,17,24455.52
1,15,58,4.0,9,19,31168.8
1,15,79,8.0,21,54,73366.56
4,18,94,16.0,22,97,160520.3856
1,18,58,8.0,9,54,45820.8
1,38,80,8.0,30,51,69210.72
1,18,27,4.0,3,3,19660.32
4,18,67,8.0,22,82,87858.72
1,15,98,8.0,21,48,72940.32
1,15,59,8.0,21,37,42486.0048
1,15,25,4.0,21,8,21258.1872
4,15,94,12.0,12,82,95850.72
1,18,80,8.0,21,40,45767.52
3,27,72,8.0,21,59,74538.72
1,15,35,4.0,14,47,39207.1536
3,14,80,8.0,21,54,61005.6
4,15,67,8.0,12,57,42517.44
1,4,15,4.0,9,2,18594.72
1,15,44,4.0,14,54,37589.04
1,15,58,4.0,9,54,41824.8
1,15,65,4.0,12,47,24634.008
1,15,35,4.0,9,47,21152.16
1,18,80,8.0,31,54,92121.12
1,15,35,4.0,14,47,26586.72
1,15,58,8.0,21,54,59513.2272
4,18,94,16.0,30,97,143802.72
1,8,35,8.0,12,47,28992.312
1,15,80,8.0,12,48,68198.4
1,4,14,4.0,9,3,11934.72
1,18,4,4.0,4,6,13586.4
1,8,80,6.0,22,40,50562.72
1,18,41,6.0,14,37,30310.992
1,4,35,4.0,12,18,32921.712
2,16,19,4.0,4,3,18594.72
1,15,42,4.0,14,54,33566.4
3,22,105,16.0,31,74,104695.2
1,18,94,8.0,21,103,159786.72
1,15,67,8.0,22,57,44701.92
3,31,59,8.0,14,59,85194.72
1,4,75,4.0,9,54,51095.52
1,15,29,4.0,9,13,18328.32
1,4,58,4.0,9,54,52747.2
5,8,79,8.0,9,93,99153.5472
1,4,25,8.0,10,8,20725.92
1,18,50,6.0,21,37,34578.72
1,15,58,8.0,21,54,44222.4
1,15,59,4.0,9,54,36496.8
1,15,4,4.0,3,6,13266.72
3,20,80,16.0,31,54,99367.2
4,18,112,32.0,30,97,141884.64
4,15,115,16.0,34,97,145401.12
1,15,80,8.0,21,19,39907.2528
1,18,27,4.0,3,3,20725.92
1,4,75,8.0,9,54,53733.9456
1,15,44,4.0,14,54,38308.32
1,15,98,16.0,21,48,81912.1392
0,4,9,4.0,5,1,15717.6
4,15,112,16.0,22,90,125154.72
4,18,94,16.0,30,57,79813.44
3,18,100,12.0,21,47,89137.44
1,5,72,12.0,12,54,32447.52
4,18,67,8.0,22,82,94305.6
2,5,58,8.0,12,47,39373.92
1,15,53,12.0,31,37,50562.72
2,5,46,4.0,14,75,32127.84
1,15,94,16.0,22,57,90522.72
1,15,35,4.0,9,47,28185.12
1,4,56,8.0,12,47,24455.52
2,16,80,8.0,31,54,107892.0
1,18,67,8.0,21,68,78534.72
2,20,58,8.0,21,54,88977.6
5,20,94,8.0,21,86,93932.64
1,15,80,8.0,21,54,64948.32
1,4,44,4.0,9,54,35616.6144
1,15,27,4.0,4,3,17529.12
4,15,112,16.0,22,83,117162.72
1,4,35,4.0,12,18,24775.2
4,34,94,16.0,27,82,122490.72
1,18,77,8.0,21,47,74538.72
1,15,58,6.0,12,54,30049.92
2,16,94,8.0,21,68,69210.72
1,4,25,4.0,13,8,18594.72
1,38,117,32.0,36,104,261018.72
4,15,90,16.0,12,50,46833.6528
1,4,34,4.0,12,47,23650.992
1,4,34,4.0,12,47,19127.52
1,4,75,4.0,9,54,46300.32
4,15,94,8.0,22,57,62231.04
3,15,80,8.0,31,54,74005.92
4,15,94,16.0,30,97,120831.5808
2,3,21,4.0,4,1,20193.12
1,4,75,8.0,21,54,59886.72
1,15,65,8.0,21,47,78055.2
1,15,59,4.0,12,37,41345.28
1,4,58,8.0,21,54,42570.72
1,4,65,4.0,9,47,49656.96
1,15,4,2.0,4,6,12733.92
1,15,58,4.0,14,54,24935.04
2,20,58,6.0,12,54,34046.4528
3,15,80,16.0,31,54,101232.0
4,15,94,16.0,30,71,78801.12
1,15,59,4.0,21,59,44169.12
1,15,35,4.0,12,17,30849.12
1,4,14,8.0,12,3,21258.72
1,15,67,8.0,12,57,48304.7136
3,27,59,8.0,21,59,99580.32
1,4,9,2.0,4,1,13266.72
2,16,80,8.0,21,54,93635.3376
1,39,94,16.0,36,57,127818.72
4,18,94,8.0,22,61,59087.52
1,8,32,8.0,12,12,27753.552
3,18,80,16.0,31,54,130536.0
4,18,94,8.0,12,71,62284.32
1,4,35,4.0,9,47,23976.0
1,4,9,4.0,4,6,14598.72
3,18,58,8.0,21,39,48964.32
4,15,94,16.0,21,82,138474.72
1,15,65,8.0,21,47,64628.64
3,18,80,8.0,21,54,84395.52
4,18,112,32.0,31,109,149130.72
4,15,67,8.0,12,57,37775.52
3,15,59,8.0,21,59,77250.672
4,15,94,8.0,22,71,63499.104
1,4,35,4.0,9,47,19441.872
1,18,58,8.0,9,54,56689.92
1,15,72,8.0,21,37,48964.32
1,15,72,16.0,27,37,60472.8
4,18,90,8.0,22,63,63722.88
4,38,94,32.0,34,97,167691.8736
1,15,87,8.0,21,47,65481.12
1,4,14,4.0,9,3,22324.32
1,15,65,4.0,9,47,28504.8
1,1,35,6.0,12,19,28717.92
4,15,94,8.0,22,82,79215.1056
1,4,36,4.0,14,47,26533.44
1,15,80,8.0,12,37,39693.6
1,18,58,8.0,21,54,67026.24
1,4,35,4.0,14,47,21951.36
3,23,98,8.0,21,80,99519.048
1,15,58,8.0,22,19,43580.376
2,16,58,8.0,21,54,55091.52
1,4,20,4.0,14,2,18594.72
2,16,44,4.0,14,40,37242.72
4,15,94,16.0,30,57,68944.32
3,15,58,8.0,21,54,60472.8
2,5,14,8.0,6,3,26373.6
3,18,72,8.0,31,54,122490.72
4,15,67,16.0,21,71,69210.72
4,15,67,8.0,21,57,53168.112
1,4,14,4.0,14,3,22324.32
4,15,67,16.0,22,82,109277.28
1,18,35,4.0,21,31,37242.72
2,16,72,8.0,31,59,79866.72
4,15,115,16.0,30,97,149916.6
1,4,58,4.0,9,20,32639.8608
1,4,35,4.0,12,19,29073.2976
1,18,38,6.0,10,16,30316.32
1,4,23,4.0,9,10,16943.04
1,4,23,4.0,4,10,19980.0
1,15,58,4.0,21,54,37242.72
5,15,94,8.0,9,93,101657.7072
2,33,80,8.0,21,54,137995.2
1,18,58,8.0,21,54,51841.44
0,4,16,4.0,4,6,14332.32
2,20,80,16.0,31,54,93186.72
2,20,52,4.0,6,74,35644.32
3,20,77,16.0,31,47,100006.56
4,15,67,8.0,12,57,43636.32
1,15,24,4.0,21,37,21258.72
1,4,53,8.0,12,11,22857.12
1,15,58,4.0,8,54,33110.856
1,4,35,4.0,9,47,23976.0
1,15,58,8.0,21,54,42357.6
2,16,59,1.0,21,59,53226.72
5,15,77,16.0,31,96,98834.4
1,15,70,8.0,21,47,63456.48
1,18,48,6.0,10,37,34898.9328
4,18,94,8.0,22,71,66546.72
1,15,79,8.0,21,48,58021.92
1,15,58,8.0,12,54,38681.28
1,15,14,4.0,4,3,15877.44
1,15,75,16.0,31,54,76012.4448
1,18,58,8.0,21,22,45664.6896
1,15,75,8.0,21,54,62817.12
1,4,7,4.0,9,9,15877.44
1,0,5,4.0,1,1,14119.2
1,15,80,8.0,21,48,63936.0
3,29,77,64.0,31,47,89864.1792
2,3,58,8.0,21,54,44574.048
3,18,58,8.0,21,54,79866.72
4,34,94,32.0,39,97,194972.832
4,15,94,8.0,22,71,71847.0144
1,4,58,4.0,12,54,26101.872
2,20,44,4.0,12,54,34578.72
1,4,58,8.0,12,36,31409.6256
1,15,32,4.0,12,20,26053.92
4,18,90,16.0,22,82,103096.8
1,4,58,12.0,12,54,34578.72
1,15,50,6.0,22,20,34632.0
1,4,58,4.0,9,54,29783.52
1,18,58,8.0,21,54,51148.8
1,15,80,4.0,12,54,41505.12
5,15,94,16.0,21,91,128884.32
2,20,59,8.0,12,59,35111.52
4,15,94,16.0,30,82,111593.8944
1,4,35,4.0,9,47,21887.424
1,15,80,8.0,22,40,64308.96
1,4,35,8.0,21,47,35431.2
1,16,58,8.0,21,54,81784.8
2,20,58,8.0,21,54,53226.72
5,38,98,16.0,36,96,175770.72
1,4,9,2.0,4,1,17582.4
3,15,80,16.0,21,54,87858.72
1,4,58,8.0,21,54,60031.1088
5,18,116,16.0,21,105,233845.92
0,5,9,4.0,14,1,25308.0
1,15,87,8.0,21,47,101232.0
1,4,70,4.0,12,43,30849.12
1,4,80,4.0,21,54,45282.672
2,22,71,8.0,21,58,63882.72
1,18,67,8.0,22,57,58554.72
5,15,90,8.0,21,87,83170.08
4,38,94,16.0,30,97,152859.7872
1,4,58,4.0,21,54,31914.72
4,18,94,8.0,22,57,55837.44
3,15,98,16.0,21,54,99047.52
3,25,83,8.0,21,75,83063.52
3,14,58,8.0,21,54,60153.12
1,4,35,4.0,9,47,45234.72
1,4,65,4.0,14,47,34898.4
1,4,29,4.0,12,22,25059.7152
4,24,90,16.0,22,51,58554.72
3,20,80,8.0,21,54,85194.72
1,4,29,4.0,12,13,15877.44
1,15,80,16.0,19,36,62938.0656
2,20,80,16.0,21,81,95850.72
1,9,65,4.0,14,47,54345.6
4,15,94,8.0,12,57,58554.72
2,20,80,12.0,10,40,44701.92
1,34,108,16.0,31,105,126273.6
1,18,44,4.0,14,54,33886.08
4,15,94,16.0,31,82,154458.72
1,1,43,8.0,14,13,31003.632
4,18,94,32.0,39,106,191211.264
4,18,90,16.0,30,97,125208.0
3,18,100,16.0,31,64,93985.92
1,4,17,8.0,12,8,17529.12
3,15,80,16.0,31,54,122490.72
4,18,94,16.0,30,82,100752.48
4,15,67,8.0,22,57,58021.92
4,18,94,4.0,12,57,53226.72
4,18,94,16.0,30,82,122490.72
4,15,67,8.0,21,57,52480.8
4,15,94,8.0,22,69,71341.92
1,1,14,4.0,4,3,10810.512
2,16,80,8.0,31,54,104961.6
2,20,58,8.0,21,38,51095.52
3,17,73,8.0,20,55,62071.2
2,32,58,8.0,21,54,124142.4
1,4,14,4.0,4,3,15930.72
1,4,58,8.0,14,54,43156.8
2,16,80,8.0,21,54,71874.72
1,15,35,8.0,21,21,39373.92
5,15,94,8.0,21,91,110017.872
1,15,58,8.0,21,54,58554.72
3,15,58,8.0,21,54,79866.72
1,39,67,8.0,21,57,93186.72
0,4,29,4.0,14,13,39640.32
0,4,75,8.0,21,54,74005.92
1,4,65,4.0,9,47,41558.4
1,4,49,8.0,10,25,33513.12
4,34,94,16.0,31,71,89457.12
1,15,58,4.0,12,29,32447.52
4,18,94,12.0,12,79,93186.72
4,15,94,16.0,34,97,128671.2
3,15,58,8.0,21,54,79866.72
1,15,80,8.0,12,72,51202.08
1,15,58,8.0,21,18,42081.0768
3,15,80,8.0,21,54,99047.52
3,31,97,16.0,31,54,95850.72
0,4,9,4.0,5,1,20512.8
4,18,94,16.0,22,82,133467.4656
1,4,65,4.0,9,47,40226.4
1,4,35,4.0,9,47,26101.872
3,4,58,4.0,14,54,58075.2
3,18,80,8.0,31,54,133146.72
4,15,67,8.0,21,57,63882.72
3,18,58,8.0,24,54,99900.0
1,4,37,4.0,14,10,26586.72
2,19,58,8.0,21,54,72354.24
1,4,35,4.0,9,47,31168.8
0,9,9,4.0,4,1,18914.4
1,18,44,8.0,14,54,32980.32
4,39,115,32.0,31,109,292986.72
3,29,100,16.0,31,47,111834.72
1,15,58,4.0,12,15,27652.32
1,15,65,8.0,21,47,63190.08
1,18,75,8.0,21,54,87912.0
4,15,94,16.0,30,97,147832.2864
4,15,94,16.0,30,97,128884.32
1,4,44,4.0,9,54,35644.32
1,4,21,4.0,5,1,17316.0
1,15,58,8.0,7,54,31435.2
4,15,90,16.0,34,82,95850.72
4,18,94,32.0,34,97,163723.5792
1,8,58,8.0,12,48,48484.8
1,4,58,8.0,14,54,38041.3872
3,15,77,8.0,31,47,99633.6
1,15,80,4.0,21,18,39373.92
2,5,14,4.0,4,3,32767.2
3,18,65,8.0,31,46,54665.28
2,20,58,8.0,21,54,121318.56
3,15,77,8.0,31,47,78215.04
1,4,9,4.0,14,1,15930.72
4,15,94,16.0,22,82,101178.72
1,15,80,8.0,12,36,46087.2
3,18,94,8.0,21,72,101391.84
1,18,80,8.0,21,34,41931.36
1,15,58,8.0,14,54,50349.6
1,4,29,4.0,12,13,23922.72
2,20,98,8.0,21,54,136343.52
1,20,65,8.0,12,47,34578.72
1,15,34,4.0,12,47,24988.32
1,18,58,8.0,12,54,45323.1648
1,15,75,8.0,21,70,71874.72
1,15,58,4.0,14,54,68464.8
4,18,67,8.0,12,57,54185.76
3,27,107,16.0,31,80,119347.2
1,15,65,4.0,9,47,48484.8
3,4,65,8.0,21,47,58341.6
2,16,80,8.0,21,54,103896.0
1,18,58,8.0,21,54,48058.56
5,15,94,8.0,12,86,94731.84
1,4,58,4.0,9,54,56210.4
1,15,35,4.0,12,19,25521.12
1,18,80,8.0,21,54,73952.64
1,18,44,4.0,18,54,39160.8
3,15,80,16.0,21,40,98514.72
3,15,98,8.0,21,54,90043.2
1,4,29,4.0,12,13,21258.1872
3,18,65,8.0,21,40,49816.8
1,15,58,4.0,22,40,48618.0
1,15,58,4.0,21,54,44701.92
2,20,58,4.0,21,54,90576.0
2,5,58,4.0,9,54,36486.144
1,4,14,4.0,4,3,18541.44
1,18,77,8.0,12,40,35644.32
1,4,25,4.0,9,6,19660.32
2,20,58,4.0,21,54,95850.72
1,4,34,4.0,12,21,24279.696
4,15,67,12.0,22,57,72988.272
0,9,9,4.0,4,1,15824.16
1,8,22,4.0,9,4,20193.12
1,15,58,4.0,14,54,67399.2
2,27,80,16.0,21,54,74538.72
3,15,80,8.0,21,54,90522.72
3,18,58,8.0,21,54,95850.72
4,38,90,16.0,29,82,141138.72
1,15,58,8.0,21,54,78588.0
4,15,94,8.0,12,49,49497.12
1,15,80,8.0,12,48,47952.0
1,4,34,4.0,12,21,32713.92
1,15,75,8.0,9,54,49816.8
2,27,95,8.0,31,75,107257.968
4,18,112,32.0,23,90,68145.12
2,20,95,16.0,21,75,87858.72
3,18,80,8.0,24,54,109170.72
1,18,58,8.0,31,54,104588.1072
3,16,80,16.0,31,54,111834.72
0,15,80,8.0,31,54,79014.24
1,18,2,4.0,5,6,19127.52
1,18,70,8.0,22,51,42037.92
3,16,80,8.0,31,54,101178.72
1,15,79,8.0,21,54,64202.4
3,39,105,8.0,37,74,165168.0
1,15,80,6.0,21,40,42037.92
1,15,80,8.0,21,48,54291.7872
1,15,44,4.0,12,54,26586.72
1,15,58,4.0,14,54,46939.68
1,15,58,8.0,21,54,51148.8
4,15,94,16.0,30,71,85194.72
4,15,94,16.0,22,71,71874.72
4,15,67,8.0,22,57,59668.8048
1,4,58,4.0,12,18,36496.2672
3,15,77,8.0,21,65,69103.6272
2,16,58,8.0,31,54,97236.0
1,4,65,4.0,9,47,38889.072
3,18,80,8.0,21,54,87912.0
1,15,65,8.0,21,47,62071.2
1,4,58,4.0,12,54,37725.4368
1,4,65,4.0,9,47,61218.72
1,4,29,4.0,12,13,16463.52
3,15,65,4.0,9,47,84129.12
1,4,9,4.0,12,1,15392.592
2,22,96,16.0,36,78,95850.72
1,18,65,4.0,14,47,58874.4
0,15,65,8.0,21,47,88924.32
1,4,34,4.0,12,47,29762.208
4,15,94,8.0,22,57,63882.72
4,35,112,16.0,34,109,146946.24
4,18,70,8.0,22,67,74538.72
1,8,25,4.0,12,22,28238.4
1,4,58,4.0,9,54,32980.32
1,4,65,8.0,21,47,59620.32
2,16,78,8.0,21,74,69210.72
4,18,62,16.0,34,44,53226.72
3,20,58,8.0,21,6,78438.816
1,15,80,8.0,12,22,36496.8
1,8,34,4.0,12,36,35111.52
1,4,9,4.0,4,1,18594.72
5,18,108,8.0,33,87,119826.72
3,15,98,8.0,21,54,94572.0
1,15,65,8.0,21,47,77788.8
2,15,69,8.0,6,74,61751.52
3,18,100,8.0,21,47,79333.3872
4,38,94,16.0,34,97,168045.12
2,20,89,8.0,21,75,101178.72
2,5,29,4.0,21,13,41292.0
3,11,77,8.0,21,47,67559.04
2,3,9,4.0,4,1,20725.92
1,15,87,8.0,21,47,81784.8
3,18,75,8.0,21,54,93772.8
1,15,58,12.0,22,43,53759.52
3,20,80,8.0,31,54,95371.2
1,4,57,8.0,12,48,45101.52
1,4,34,4.0,12,19,24808.2336
1,4,58,4.0,9,54,43956.0
1,15,44,4.0,9,54,36496.8
4,18,94,32.0,30,97,167778.72
1,15,58,6.0,21,22,37029.6
2,27,95,16.0,31,75,101178.72
3,33,100,8.0,21,47,104587.5744
4,15,90,32.0,30,97,149184.0
1,15,65,8.0,21,47,62870.4
4,15,94,16.0,30,82,109218.672
1,18,60,8.0,22,48,52161.12
1,4,65,4.0,17,47,53386.56
2,39,80,16.0,29,43,95850.72
4,15,94,16.0,30,71,93186.72
2,16,80,12.0,31,54,69210.72
1,15,65,4.0,14,47,63669.6
1,15,53,6.0,21,37,29250.72
1,4,65,4.0,21,47,34578.72
1,4,65,4.0,9,47,48751.2
1,4,58,4.0,9,19,31914.72
1,15,58,8.0,12,54,42943.68
4,18,94,8.0,22,82,63349.92
1,4,80,8.0,12,36,39906.72
1,15,58,8.0,14,53,59620.32
0,15,105,8.0,31,74,101658.24
1,15,35,4.0,22,20,26586.72
1,4,14,4.0,14,3,14418.6336
1,15,65,8.0,21,47,71874.72
1,11,58,8.0,21,54,61272.0
3,16,80,8.0,21,54,71874.72
1,4,29,4.0,9,13,20246.4
4,15,94,16.0,30,71,95850.72
3,15,80,8.0,31,54,111301.92
4,18,94,8.0,22,57,67132.8
1,18,58,8.0,21,54,63349.92
1,4,44,4.0,14,54,29144.16
1,4,58,4.0,9,54,41505.12
1,15,65,4.0,14,47,63669.6
1,4,87,4.0,21,47,58607.4672
1,15,58,4.0,21,54,64202.4
3,15,100,8.0,21,47,77202.72
1,15,58,8.0,21,48,55904.5728
1,4,44,4.0,9,54,36443.52
4,15,67,8.0,15,57,50562.72
3,15,58,4.0,9,54,81997.92
1,15,58,4.0,21,54,84715.2
3,15,77,8.0,21,47,100550.5488
1,4,44,4.0,9,54,42624.0
1,4,65,8.0,21,47,64468.8
1,4,44,4.0,21,54,41025.0672
1,38,108,16.0,31,102,158135.04
1,18,65,8.0,21,47,79387.2
1,15,77,8.0,21,47,118761.12
2,16,56,4.0,12,47,42410.3472
3,15,65,8.0,21,47,84715.2
1,18,58,8.0,21,54,61218.72
1,15,80,8.0,21,48,63159.7104
1,15,87,8.0,9,47,55754.3232
3,4,58,4.0,21,54,83063.52
1,4,58,4.0,9,54,63349.92
1,4,58,4.0,9,54,56476.8
3,27,58,8.0,21,54,86526.72
1,15,58,8.0,21,48,57542.4
1,4,58,4.0,21,54,51841.44
1,4,32,6.0,12,12,21791.52
4,15,94,8.0,22,57,63499.104
1,15,65,8.0,21,47,63669.6
1,15,77,8.0,21,47,65480.5872
3,15,77,8.0,21,47,71874.72
1,4,58,4.0,9,54,39533.76
3,18,100,8.0,21,47,91908.0
1,15,87,8.0,21,47,56633.976
1,15,58,8.0,21,54,53839.9728
2,16,77,4.0,21,47,45128.16
1,4,1,2.0,4,1,11231.424
1,18,77,16.0,21,64,75924.0
1,15,65,8.0,21,47,55922.688
1,15,65,4.0,9,47,53280.0
1,15,87,8.0,25,47,112065.9552
1,15,65,8.0,21,47,78268.32
4,18,112,16.0,30,90,82351.6992
4,18,90,16.0,22,90,122010.6672
0,4,9,4.0,5,1,15339.312
1,37,100,16.0,21,47,139593.6
1,18,80,8.0,12,40,52161.12
2,16,68,8.0,21,54,58288.32
1,4,58,4.0,21,54,52161.12
3,27,80,16.0,36,54,120093.12
1,4,56,4.0,9,47,37570.392
1,4,58,4.0,9,54,26586.72
1,4,31,8.0,12,12,23922.72
2,16,80,12.0,21,54,69210.72
4,15,90,16.0,30,82,96916.32
4,18,90,16.0,12,67,53173.44
1,15,58,4.0,12,6,29783.52
1,15,80,16.0,10,36,52746.6672
4,15,90,16.0,30,82,102777.12
3,15,80,8.0,21,54,77682.24
4,18,112,64.0,36,108,211788.0
2,20,77,8.0,21,47,42517.9728
4,34,90,16.0,30,83,70809.12
3,17,74,8.0,24,74,69264.0
1,4,56,4.0,9,47,25679.8944
1,4,65,4.0,9,47,63882.72
3,15,65,8.0,21,47,63882.72
1,15,80,8.0,21,54,58075.2
3,16,77,8.0,21,47,91294.7472
1,8,65,8.0,11,32,35111.52
1,18,70,4.0,12,43,52054.56
4,15,94,16.0,30,97,133146.72
1,4,65,4.0,9,47,28771.2
1,15,65,4.0,9,47,50083.2
3,32,105,8.0,31,74,74538.72
4,18,112,32.0,38,90,172627.2
2,6,40,4.0,6,1,34433.2656
3,38,80,16.0,31,54,109170.72
1,15,58,8.0,21,54,39960.0
1,15,65,4.0,9,47,54931.1472
5,15,77,8.0,21,76,79653.6
1,15,65,8.0,18,47,63882.72
1,11,47,4.0,4,74,32767.2
1,4,31,4.0,9,12,20619.36
1,4,28,4.0,9,6,20965.1472
1,4,35,4.0,12,47,18434.3472
4,18,94,8.0,30,82,85194.72
3,18,59,4.0,21,37,43601.688
0,4,65,4.0,14,47,85194.72
1,15,58,8.0,30,43,42570.72
1,15,58,8.0,12,36,34035.264
4,15,90,8.0,21,67,85194.72
1,4,25,4.0,12,8,26640.0
4,18,90,16.0,22,90,122490.72
3,4,56,4.0,9,47,60480.792
3,4,56,4.0,14,47,62176.1616
1,4,2,4.0,0,6,11135.52
5,18,90,8.0,12,100,154458.72
4,15,94,16.0,31,71,63882.72
3,4,65,8.0,21,47,75289.968
4,15,90,8.0,22,51,80516.2032
2,16,65,4.0,21,47,46193.76
1,15,26,4.0,12,9,21205.44
4,18,90,16.0,22,51,71341.92
1,27,93,8.0,21,74,90522.72
1,4,65,4.0,9,33,40980.312
1,4,34,4.0,14,47,22857.12
3,15,77,8.0,31,47,104908.32
2,6,40,4.0,6,1,29250.72
3,15,82,8.0,21,80,73473.12
4,18,112,16.0,35,90,146519.4672
3,12,77,8.0,21,47,54825.12
3,15,80,16.0,31,54,118601.28
4,15,90,8.0,22,51,69929.4672
1,15,1,4.0,4,1,10442.88
1,15,65,8.0,21,47,90043.2
1,15,65,8.0,21,47,80612.64
1,4,65,4.0,9,47,27899.0064
1,4,44,4.0,12,54,23176.8
2,16,77,8.0,21,47,88924.32
2,6,40,4.0,6,1,25521.12
3,4,87,8.0,21,47,100965.6
4,18,67,8.0,22,82,52693.92
4,18,70,8.0,22,82,60153.12
1,4,80,8.0,10,54,33513.12
2,16,100,8.0,31,88,109244.2464
1,4,14,4.0,4,3,14811.84
3,15,80,8.0,21,54,40066.56
1,15,58,4.0,12,40,32820.48
1,15,77,16.0,15,52,58554.72
5,18,90,8.0,21,107,210424.032
1,4,58,8.0,12,36,41771.52
4,15,108,16.0,30,90,127818.72
3,15,77,8.0,21,47,115709.2416
2,32,100,16.0,31,47,130003.2
4,15,94,8.0,22,57,60888.384
2,20,87,8.0,21,47,86793.12
5,18,90,8.0,21,87,118761.12
2,33,100,8.0,21,47,95850.72
5,15,90,8.0,21,87,101178.72
3,15,102,8.0,21,47,122381.496
1,15,80,8.0,21,40,53807.472
1,15,65,8.0,21,47,84129.12
2,32,77,8.0,21,47,124621.92
1,4,34,4.0,12,47,18061.92
1,4,15,4.0,9,2,15824.16
1,15,65,8.0,12,32,31914.72
4,15,94,8.0,12,49,63882.72
1,24,70,8.0,21,92,119916.2304
1,15,33,4.0,21,20,25515.2592
4,15,94,16.0,30,71,79536.384
3,15,100,12.0,31,47,122490.72
1,15,65,8.0,15,32,42010.7472
2,33,100,8.0,31,47,108744.48
3,15,100,8.0,21,47,79866.72
4,15,90,16.0,30,83,94252.32
4,18,94,8.0,12,57,47898.72
1,4,34,8.0,12,47,24455.52
1,4,65,4.0,9,47,25414.0272
4,34,94,8.0,22,71,79813.44
1,18,58,8.0,21,54,74059.2
1,15,35,4.0,12,17,24935.04
1,4,9,2.0,4,1,13266.72
4,18,80,8.0,12,57,44701.92
1,15,77,8.0,21,47,36177.12
1,15,72,16.0,31,59,61751.52
1,4,16,4.0,9,6,19660.32
1,4,65,4.0,9,47,21205.44
1,15,80,8.0,12,40,37775.52
1,15,44,4.0,21,54,40972.32
1,15,77,4.0,15,47,43956.0
4,18,90,16.0,31,63,69530.4
4,15,90,16.0,22,83,114731.5536
1,4,56,4.0,9,47,34632.0
2,32,65,8.0,21,47,87219.36
3,15,80,6.0,21,29,44275.68
1,15,80,8.0,21,72,47686.1328
1,4,10,4.0,9,3,17742.24
1,18,90,6.0,12,51,42570.72
4,18,90,8.0,30,51,48431.52
2,20,80,16.0,31,54,62817.12
1,15,58,4.0,21,40,36816.48
3,27,87,8.0,21,47,58554.72
4,18,94,16.0,30,97,138474.72
4,18,67,8.0,12,57,43636.32
2,7,51,4.0,4,28,35111.52
1,4,58,4.0,9,54,25840.8
3,17,74,8.0,24,55,61964.64
2,16,58,8.0,21,54,63882.72
1,18,94,12.0,22,57,70702.56
1,4,35,4.0,12,19,19607.04
4,18,90,16.0,34,90,114552.0
1,4,10,4.0,12,3,14492.16
4,15,94,16.0,30,82,109165.392
1,4,34,4.0,14,16,26586.72
1,4,77,8.0,9,22,33513.12
3,27,80,16.0,31,54,142790.4
4,15,90,8.0,12,82,62284.32
1,15,58,8.0,21,36,47365.92
1,4,58,8.0,21,54,30849.12
1,4,8,4.0,9,2,15930.72
1,8,34,8.0,12,40,33513.12
4,15,94,16.0,30,97,130482.72
3,17,73,8.0,20,74,68145.12
1,15,94,16.0,22,82,93186.72
4,18,90,16.0,30,82,103842.1872
2,16,58,8.0,21,54,53226.72
4,15,94,16.0,30,82,103842.72
0,4,2,2.0,3,6,9270.72
1,8,35,4.0,12,40,31861.44
1,8,58,8.0,12,54,28717.92
4,18,90,8.0,22,50,67772.16
2,16,95,8.0,21,75,61218.72
1,18,100,8.0,21,47,81465.12
4,15,90,8.0,22,82,78647.1408
1,15,45,6.0,12,37,28185.12
3,20,87,8.0,21,47,91288.3536
2,20,44,4.0,9,54,27119.52
1,4,25,4.0,12,8,16463.52
3,27,80,8.0,21,54,78694.56
1,4,58,4.0,12,47,27804.7008
4,16,90,16.0,22,51,54825.12
4,15,94,8.0,22,57,61218.72
0,16,102,16.0,31,47,87912.0
4,15,94,16.0,36,82,186426.72
1,5,44,8.0,12,54,24988.8528
4,15,94,16.0,30,82,85141.44
3,4,63,4.0,24,45,51095.52
1,15,35,4.0,12,47,25467.84
3,35,77,8.0,21,47,117119.5632
1,4,65,4.0,9,47,39267.36
4,15,90,8.0,22,51,62284.32
1,18,80,16.0,31,54,79866.72
1,15,53,6.0,21,37,31838.5296
3,15,77,8.0,21,47,68198.4
1,4,34,4.0,9,47,19276.704
2,20,80,16.0,31,40,95850.72
1,15,65,4.0,21,47,58607.4672
1,4,58,4.0,9,54,46620.0
4,18,90,16.0,30,97,123876.0
1,18,58,8.0,21,54,30529.44
2,27,89,8.0,21,75,96596.64
1,4,25,4.0,9,6,17262.72
1,4,26,4.0,9,5,21258.72
1,15,56,6.0,14,22,30316.32
1,18,65,8.0,21,47,57116.16
1,4,28,4.0,9,6,23655.7872
1,4,14,4.0,12,3,18061.92
4,18,90,16.0,22,83,101232.0
1,4,35,4.0,9,47,26107.2
1,15,77,8.0,15,32,47685.6
4,15,90,8.0,22,51,65481.12
2,20,65,4.0,14,47,44382.7728
3,18,55,8.0,31,74,38841.12
1,4,44,6.0,12,54,24455.52
1,4,9,4.0,9,1,15397.92
1,4,16,2.0,9,6,20193.12
1,18,90,8.0,12,51,47898.72
1,15,39,6.0,15,16,29303.4672
1,4,80,8.0,12,19,42943.1472
0,4,9,2.0,4,1,11135.52
1,4,77,4.0,9,29,38378.6496
2,16,77,4.0,14,47,33992.64
2,22,77,16.0,31,47,79866.72
1,4,16,2.0,6,6,12201.12
1,4,77,6.0,12,32,40705.92
